appid,name
2384710,Midline '85
2384720,Astebros
2384730,Beyond the Ice Palace 2
2384760,Phantasy Star Online 2 New Genesis - Sonic Collab: Suits/C-Space Pack
2384770,Áï∞‰∏ñÁïå„ÅßÁü≥„Å´Ëª¢Áîü - ÂÖ®Âπ¥ÈΩ¢Áâà„Çπ„Éà„Éº„É™„Éº&„Ç∞„É©„Éï„Ç£„ÉÉ„ÇØËøΩÂä† DLC
2384780,Idle Dragon Clicker
2390240,Sweet Science ‚Äì The Girls of Silversee Castle Demo
2390260,Topple Tactics
2390280,Sunrise's Order Demo
2390290,D96: Kansei
2390300,The Skylia Prophecy Soundtrack
2390310,Deadblast
2393880,HAUNTED HOUSE
2394110,Dickland: Tower Defense
2394423,Jigsaw Puzzle World - Sports
2394590,Just Survive
2412010,Konike
2412040,I'm In Charge Free Demo
2417970,Risky Sanctuary
2417980,Tribute Demo
2417990,War and Peace
2418000,Combat Mission: Red Thunder
2418010,Combat Mission: Red Thunder - Battle Pack 1
2418011,Combat Mission: Red Thunder - Fire and Rubble
2418020,Âºà‰∫∫ÂØªÊ¢¶
2418040,Beyond The Plastic Wall
2429740,Loop8: Summer of Gods - Summer Outfit Set
2429741,Loop8: Summer of Gods - Casual Outfit Set
2442890,PAYDAY 3 - Dark Sterling Mask
2442900,Bumpstick Demo
1918560,Cloud Heart
1918580,Pluto's Island Playtest
2063450,Hidden Shapes Animals - VR
2063460,Blockhead 2D Demo
2063470,PUT PUD Nudli's Adventure Demo
2063480,Voltage High Society
2063510,KAKUDO
2063530,Methods: The Canada Files
2074170,CONVERGENCE: A League of Legends Story‚Ñ¢ - Golden Ekko Skin
2074171,CONVERGENCE: A League of Legends Story‚Ñ¢ - Star Guardian Ekko Skin
2074172,CONVERGENCE: A League of Legends Story‚Ñ¢ - Ruined Ekko Skin
2074180,Anitons Demo
2074190,1001 Jigsaw. Cute Cats 2
2074200,1001 Jigsaw. Cute Cats 3
2074210,Seven Deadly Dates Artbook + Wallpapers
2117430,Purrrifiers: Cleaning Chaos
2117440,Lollypop
2117780,RPG Maker MZ - Beast man Generator for MZ
2117790,Crash Override
2117930,Drakkon World Builder
2117940,The Slush Force
2117950,Bloons TD 6 Soundtrack
2117960,Slay The Zone
2117970,Slime Rancher 2 Soundtrack
2126050,Tanasurga Demo
2126090,Epsylon
2135610,ÂãáËÄÖ‰πã‰π¶Test
2135630,Best Friend
2135640,Hot Mom
2135650,Take The Wheels!
2135680,Die Daddy Die
2135690,ÊèêË•øÊé¢Èô©Á§æ
2212410,Shadowkin
2212420,Shadowkin Playtest
2214800,Quant Playtest
2214810,Space Cheetah Hyper Runner Soundtrack
2214820,Atomic Heart - Midas Glove Skin
2214821,Atomic Heart - Annihilation Instinct
2214822,Atomic Heart - Trapped in Limbo
2214823,Atomic Heart - Enchantment Under the Sea
2214826,Atomic Heart - Digital Artbook
2220960,Outlanders Demo
2220970,Calm Cove
2220980,ÈîôËØØ‰πã‰∫ã
2221000,Life of Slime Demo
2221010,Redrum
2221040,Pict Skirmish Pack
2236690,ViRo - Novellus Dea: Just Desserts
2236770,There Can Only be Two
2236790,Cool Cats
2236820,Anyone There?
2242780,Trainz 2019 DLC - NSW 81 Class Pacific National Pack
2242790,Trainz 2022 DLC - NSW 81 Class Pacific National Pack
2242800,Trainz Plus DLC - NSW 81 Class Pacific National Pack
2242810,Ninety-Six
2242820,PARADISE CLEANING - Conquering Married Women through Sex -
2242840,Êó†Ê¢¶Â∞ëÂ•≥
2242890,Grim Knight
2368880,Midnight Thunder Drive
2368920,ËΩ¶ËæÜÂØπÊàòÂÉµÂ∞∏ Playtest
2368930,ISLANDERS: New Shores
2368940,Jurl
2368960,CD 2: Trap Master Playtest
2369000,BUSHIDO : Drift and Race Demo
2554550,BPG - Bally Variety
2554560,BPG - Bally Yacht Club
2554570,BPG - JRs Agogo
2703230,3D PUZZLE - Hangar
2780980,LOCKDOWN Protocol
2780990,Paradigm Island
2784530,Fated Retrace:Operation Ascension Demo
2784590,Marmargee Fighter Girl vs. Zombies & Monsters!
2794330,Atuel
2794340,SiliCorp Systems
2794370,CLeM - Original Soundtrack
2794390,Pinono and the magic fiddle
2794400,Terror Mansion
2818500,Door Simulator
2938930,Êó•Ë™ûÂú®Âú∞ÂåñÁúæÁ±å‚Äî‚ÄîË°®ÊÉÖÂåÖ*16
2938980,Unfriendly Friend
2939060,Fantasy Grounds - Grizelda's Cursed Curiosities
2939080,Ghost Kickers!
2939100,Apomo District
932621,RPG Maker VX Ace - Pixel Animations
932622,RPG Maker VX Ace - Spicy Orange
932640,RPG Maker MV - Dystopia
932641,RPG Maker MV - Town of Seasons - Interiors
932642,RPG Maker MV - Heroine Character Pack 2
932643,RPG Maker MV - Medieval: High Seas
932644,RPG Maker MV - Pixel Animations
932660,Gal*Gun 2 - Doki Doki VR Mode
932670,Professor Watts Memory Match: Expressions
932700,‰∏úÊñπÂ§ßÊàò‰∫â ~ Touhou Big Big Battle - Character Pack 2.5
932730,Formula XD
932740,Super Seducer 2 - Bonus Video 1: Meeting the Right Women
932741,Super Seducer 2 - Bonus Video 2: Creating Abundance
932742,Super Seducer 2 - Bonus Video 3: Girlfriend Guaranteed
932743,Super Seducer 2 - Documentary: Dark Side of Seduction
932744,"Super Seducer 2 - eBook: Soulmate Sequence, Your Guide to Social Confidence and Finding the One"
932760,Aerofly FS 2 - Orbx - Netherlands TrueEarth
932780,Egypt: Old Kingdom - Master of History
932790,ASCENT: Crash Landing
932800,Letzte Worte VR
932810,BattleCry: World At War
932820,The Great Voyage
932840,TAL: Arctic 3 - Soundtrack
932850,Simmiland
932870,The Mark of Robot
932920,RIFF VR for Arcades
932930,Sexy Girls Puzzle
932940,Archery
932950,Zombiotik
675809,RC Plane 3 - Flying Dorito
688370,Cyberoque
688380,Restoration
689570,BattleCore Arena
689580,TurnSignal
689590,Fantasy Grounds - B09: Curse of the Full Moon (5E)
689600,Little Earth
689610,Hunt 'n Sneak
689620,Alpha Mike Foxtrot
689630,Half Past Disaster Soundtrack
689660,Without A Roof (W.A.R.)
689680,Memories
689690,Memories Demo
689700,Mad Crown
689710,Hop Step Sing! Kimamani‚òÜSummer vacation (HQ Edition)
689720,Gangsta Underground : The Poker
689740,Mystery Loss
689760,Balanced
689780,Murderous Pursuits Dedicated Server
689790,VEGAS Pro 15 Edit Steam Edition
689800,Ni no Kuni‚Ñ¢ II: REVENANT KINGDOM - The Lair of the Lost Lord
689810,Ni no Kuni‚Ñ¢ II: REVENANT KINGDOM - The Tale of a Timeless Tome
689820,Spy of Deimos
689830,DUELEUM
690550,Pogo
690560,I Am Overburdened
691630,STELLATUM
691640,RoadRunner VR
691650,Kaet Must Die!
693830,Containment Corps
694510,Fictorum OST
1385410,Fantasy Grounds - Pathfinder 2 RPG - Pathfinder Lost Omens: Legends
3180240,Tetris¬Æ Forever
3180250,PHOTOBIA: Tales from the Dark Demo
3180260,Pairs & Perils Demo
3180270,Carnage Kart X
3161210,The cursed island
3161220,Coffee Talk Tokyo
3161230,Mouse Arcade
1665210,Sakura Forest Girls 3
1679530,SYDE Rugby League Simulator
1698320,The Dead Rooms Demo
941540,Candice DeB√©b√©'s Scandalous Secrets
941580,Bad Day Betsy
941600,RoboBunnies In Space!
941620,Galactic Tree Frog
1109650,Hentai Girls Mosaic
1234960,Greed
1234970,HOLMGANG: Memories of the Forgotten
1234980,Live To Win
1235080,Hentai Honeys Jigsaw - Wife
1235090,Magical Miri
1235460,Angry Bunny 2: Lost hole
1235470,Lotus Knight
1261300,Racingmaybe
1261310,Super Jigsaw Puzzle: Generations - First Anniversary
1261330,Utopia Syndrome Demo
1261350,Fractured Core Demo
1261360,Anitons
1261370,WILDLANDS
1261380,SUPERHOT: MIND CONTROL DELETE Soundtrack
1261390,Crown of the Empire Around the World
1261420,Nehrim: At Fate's Edge Soundtrack Vol. 2
1261430,Kandria
1261460,Infini Soundtrack
1261490,Cork The Volcano
1261510,Shoot Them 2 - Extra
1261520,Asterix & Obelix XXL
1261530,Ponpu
1261540,Talisman - Character Pack #19 Swordsman
1261541,Talisman - Character Pack #20 Ranger
1261542,Talisman - Character Pack #21 Witch Hunter
1261560,Victim Cache the RPG Soundtrack
1261570,Motion Of The Heart
1261600,Creature in the Well OST & Art Book
1261630,Mindframe: The Secret Design Collector's Edition
1261640,Fill all
1261650,Berry mayhem
1261660,Flatland: Prologue
1261670,Poker Hands
1261680,Fantasy Grounds - Pathfinder 2 RPG - Extinction Curse AP 2: Legacy of the Lost God
1261690,The Legend of Heroes: Trails of Cold Steel III  - Angel Set
1261691,The Legend of Heroes: Trails of Cold Steel III  - Advanced Medicine Set 1
1261692,"The Legend of Heroes: Trails of Cold Steel III  - Altina's ""Kitty Noir"" Costume"
1261693,The Legend of Heroes: Trails of Cold Steel III  - Advanced Medicine Set 2
1261700,Knight's Retreat
1261710,The Legend of Heroes: Trails of Cold Steel III  - Branch Campus Student Directory Digital Mini Art Book
1261711,The Legend of Heroes: Trails of Cold Steel III  - Symphony of Class VII Digital Soundtrack
1261712,The Legend of Heroes: Trails of Cold Steel III  - Intelligence Division Files Digital Art Book
1261713,The Legend of Heroes: Trails of Cold Steel III  - Free Sample Set A
1261714,The Legend of Heroes: Trails of Cold Steel III  - Free Sample Set B
1261715,The Legend of Heroes: Trails of Cold Steel III  - Faculty Swimsuit Set
1261716,"The Legend of Heroes: Trails of Cold Steel III  - Juna's ""Lloyd Bannings"" Costume"
1261717,"The Legend of Heroes: Trails of Cold Steel III  - Rean's ""Unspeakable"" Costume"
1261720,Fantasy Grounds - Starfinder RPG - Dawn of Flame AP 6: Assault on the Crucible
1261750,Em-A-Zurvival
1261760,Democratic Socialism Simulator
1261770,Fairmoon Museum
1261810,The Astro Parcel Service Demo
1261820,Kernmantle
1261840,Journey of Greed - Female Skin Pack
1261860,TINY METAL: Will of the Shogun
1261861,TINY METAL: Caeser's Rescue
1261880,Education
1261890,Eldest Souls Demo
1261900,Sunrise 7
1261930,911FR: Highway Patrol
1261960,STRIKERS 1945
1261970,GUNBIRD
1261980,Samurai Aces
1261990,Horse Racing Rally
1262000,The Lovable Rogues Pack
1262040,Super Mombo Quest
1262060,Battle Ram
1262070,Arc Defence
1262080,Black blood
1262090,È£éÊö¥Â≤õMODÂ∑•ÂÖ∑
1262100,Borderus
1262110,Ultimo Reino 2
1262120,Evil Heart Fever
1262130,Virus Buster - Hentai Patch 18+
1262140,Rangok Skies
1262170,Sand to Surf
1262190,Without a Voice
1262200,Without a Voice: Blooming Edition
1262220,‰∏úÊñπÂçéÂΩ©‰π±Êàò - OSTÂéüÂ£∞Èü≥‰πêÈõÜ
1262240,Plants vs. Zombies: Battle for Neighborville
1262250,Clockwise Demo
1262260,Maze Slider
1262300,"AUDICA - Sleeping Lion & Cass Miller ft. Bugle Bot - ""How We Know (Bugle Bot Remix)"""
1262302,"AUDICA - Bex - ""Avalanche"""
1262303,"AUDICA - Party Bois - ""Girls Be Dancing """
1262304,"AUDICA - Hausman & Jenni Rudolph ft. Lys - ""Long Run"""
1262340,The Legend of Heroes: Trails of Cold Steel III  - Advanced Medicine Set 3
1262341,The Legend of Heroes: Trails of Cold Steel III  - Dragon Incense Set 1
1262342,The Legend of Heroes: Trails of Cold Steel III  - Dragon Incense Set 2
1262343,The Legend of Heroes: Trails of Cold Steel III  - Droplet Set 1
1262344,The Legend of Heroes: Trails of Cold Steel III  - Droplet Set 2
1262345,The Legend of Heroes: Trails of Cold Steel III  - Droplet Set 3
1262346,The Legend of Heroes: Trails of Cold Steel III  - Droplet Set 4
1262347,The Legend of Heroes: Trails of Cold Steel III  - Droplet Set 5
1262348,The Legend of Heroes: Trails of Cold Steel III  - Monster Ingredients Set 1
1262349,The Legend of Heroes: Trails of Cold Steel III  - Monster Ingredients Set 2
1262350,SIGNALIS
1262370,The Legend of Heroes: Trails of Cold Steel III  - Monster Ingredients Set 3
1262371,The Legend of Heroes: Trails of Cold Steel III  - Sepith Set 1
1262372,The Legend of Heroes: Trails of Cold Steel III  - Sepith Set 2
1262373,The Legend of Heroes: Trails of Cold Steel III  - Shining Pom Droplet Set 1
1262374,The Legend of Heroes: Trails of Cold Steel III  - Shining Pom Droplet Set 2
1262375,The Legend of Heroes: Trails of Cold Steel III  - Shining Pom Droplet Set 3
1262376,The Legend of Heroes: Trails of Cold Steel III  - Shining Pom Droplet Set 4
1262377,The Legend of Heroes: Trails of Cold Steel III  - Shining Pom Droplet Set 5
1262378,The Legend of Heroes: Trails of Cold Steel III  - Shining Pom Droplet Value Set 1
1262379,The Legend of Heroes: Trails of Cold Steel III  - Shining Pom Droplet Value Set 2
1262380,Hexagon Heroes
1262390,The Legend of Heroes: Trails of Cold Steel III  - Shining Pom Droplet Value Set 3
1262391,The Legend of Heroes: Trails of Cold Steel III  - Shining Pom Droplet Value Set 4
1262392,The Legend of Heroes: Trails of Cold Steel III  - Shining Pom Droplet Value Set 5
1262393,The Legend of Heroes: Trails of Cold Steel III  - Spirit Incense Set 1
1262394,The Legend of Heroes: Trails of Cold Steel III  - Spirit Incense Set 2
1262395,The Legend of Heroes: Trails of Cold Steel III  - Spirit Incense Set 3
1262396,The Legend of Heroes: Trails of Cold Steel III  - U-Material Set 1
1262397,The Legend of Heroes: Trails of Cold Steel III  - U-Material Set 2
1262398,The Legend of Heroes: Trails of Cold Steel III  - U-Material Set 3
1262399,The Legend of Heroes: Trails of Cold Steel III  - Useful Accessories Set
1262400,The Legend of Heroes: Trails of Cold Steel III  - Zeram Capsule Set 1
1262401,The Legend of Heroes: Trails of Cold Steel III  - Zeram Capsule Set 2
1262402,The Legend of Heroes: Trails of Cold Steel III  - Zeram Powder Set 1
1262403,The Legend of Heroes: Trails of Cold Steel III  - Zeram Powder Set 2
1262404,The Legend of Heroes: Trails of Cold Steel III  - Zeram Powder Set 3
1262405,The Legend of Heroes: Trails of Cold Steel III  - Altina's Casual Clothes
1262406,The Legend of Heroes: Trails of Cold Steel III  - ARCUS Cover Set A
1262407,The Legend of Heroes: Trails of Cold Steel III  - ARCUS Cover Set B
1262408,The Legend of Heroes: Trails of Cold Steel III  - ARCUS Cover Set C
1262409,The Legend of Heroes: Trails of Cold Steel III  - ARCUS Cover Set D
1262410,The Legend of Heroes: Trails of Cold Steel III  - Ashen Knight Set
1262411,The Legend of Heroes: Trails of Cold Steel III  - Ash's Casual Clothes
1262412,The Legend of Heroes: Trails of Cold Steel III  - Bunny Set
1262413,The Legend of Heroes: Trails of Cold Steel III  - Cool Hair Extension Set
1262414,The Legend of Heroes: Trails of Cold Steel III  - Cute Hair Extension Set
1262415,The Legend of Heroes: Trails of Cold Steel III  - Devil Set
1262416,The Legend of Heroes: Trails of Cold Steel III  - Hardcore Set
1262417,"The Legend of Heroes: Trails of Cold Steel III  - Juna's ""Active Red"" Costume"
1262418,"The Legend of Heroes: Trails of Cold Steel III  - Juna's ""Crossbell Cheer!"" Costume"
1262419,The Legend of Heroes: Trails of Cold Steel III  - Juna's Casual Clothes
1262420,The Legend of Heroes: Trails of Cold Steel III  - Kurt's Casual Clothes
1262421,The Legend of Heroes: Trails of Cold Steel III  - Mascot Headgear Set
1262422,The Legend of Heroes: Trails of Cold Steel III  - Mask Set
1262423,"The Legend of Heroes: Trails of Cold Steel III  - Musse's ""Coquettish Blue"" Costume"
1262424,The Legend of Heroes: Trails of Cold Steel III  - Musse's Casual Clothes
1262425,The Legend of Heroes: Trails of Cold Steel III  - Raccoon Set
1262426,The Legend of Heroes: Trails of Cold Steel III  - Rainbow Hair Set
1262427,The Legend of Heroes: Trails of Cold Steel III  - Rare Eyewear
1262428,The Legend of Heroes: Trails of Cold Steel III  - Rean's Casual Clothes
1262429,The Legend of Heroes: Trails of Cold Steel III  - Rean's Traveling Outfit (Cold Steel II)
1262430,The Legend of Heroes: Trails of Cold Steel III  - Ride-Along Black Rabbit
1262431,The Legend of Heroes: Trails of Cold Steel III  - Ride-Along Dana
1262432,The Legend of Heroes: Trails of Cold Steel III  - Ride-Along Elie
1262433,The Legend of Heroes: Trails of Cold Steel III  - Ride-Along Ozzie
1262434,The Legend of Heroes: Trails of Cold Steel III  - Ride-Along School Renne
1262435,The Legend of Heroes: Trails of Cold Steel III  - Self-assertion Panels
1262436,The Legend of Heroes: Trails of Cold Steel III  - Snow Leopard Set
1262437,The Legend of Heroes: Trails of Cold Steel III  - Standard Glasses Set
1262438,The Legend of Heroes: Trails of Cold Steel III  - Stylish Sunglasses Set
1262439,The Legend of Heroes: Trails of Cold Steel III  - Thors Main Campus Uniforms
1262450,Blaster Squad
1262460,Zompiercer
1262470,STRAIGHT ON 8
1262480,Beardy McStrongarm Soundtrack
1262500,Mirastell
1262530,Fire Protection Training Simulator
1262540,Need for Speed‚Ñ¢
1262550,Endless World Idle RPG - Ice and Fire Mercenary Pack
1262560,Need for Speed‚Ñ¢ Most Wanted
1262570,Need For Speed Most Wanted - Premium Modification Unlock
1262571,Need for Speed‚Ñ¢ Most Wanted Premium Timesavers Pack
1262572,Need for Speed‚Ñ¢ Most Wanted Complete DLC Bundle
1262573,Need for Speed‚Ñ¢ Most Wanted Multiplayer Booster Pack
1262580,Need for Speed‚Ñ¢ Payback
1262600,Need for Speed‚Ñ¢ Rivals
1262610,Cyberemo 2007 Director's Cut
1262640,Brittany Home Alone
1262660,Journey of Greed - Male Skin Pack
1262670,SD GUNDAM G GENERATION CROSS RAYS - Expansion Pack
1262680,Cyberemo 2007 Demo
1262700,„Ç¥„Ç∑„ÉÉ„ÇØ„Éû„Éº„ÉÄ„Éº -ÈÅãÂëΩ„ÇíÂ§â„Åà„Çã„Ç¢„Éâ„Éô„É≥„ÉÅ„É£„Éº- Demo
1262710,„Ç§„Éå„ÉØ„Ç∑ ÔΩû„ÅÜ„Çâ„Å∂„ÇåÊé¢ÂÅµ„Å®„ÅäÂ¨¢ÊßòÂàë‰∫ã„ÅÆÊ±†Ë¢ã‰∫ã‰ª∂„Éï„Ç°„Ç§„É´ÔΩû Demo
1262720,Ruin Raiders
1262730,Submarine Adventure
1262740,Warhammer: Chaos & Conquest - Tzeentch Warlord Bundle
1262741,Warhammer: Chaos & Conquest - Khorne Warlords Bundle
1262742,Warhammer: Chaos & Conquest - Skull Throne Bundle
1262743,Warhammer: Chaos & Conquest - Starter Bundle
1262760,Digitizer
1262770,Snake Core
1262780,Polary
1262790,Crazy Projectile
1262800,Forest Liberation
1262810,Flappatron OST
1262820,Flappatron - Episode 3
1262830,Squatch
1262880,Abacus Finch
1262890,Tidal Shock
1262900,Darkbolt
1262910,Heart's Medicine - Doctor's Oath
1262920,Horned Knight
1262930,Handball Manager 2021
1262980,Of Guards and Thieves - Hunting Grounds
1262981,Of Guards and Thieves - JUNGLE Skin Pack
1263000,I saw the night
1263060,Find Me
1263070,Blightbound
1263080,Kyle is Hotdog
1263090,Swatch Out!
1263100,The Last Kids on Earth and the Staff of Doom!
1263110,What Makes Us Special
1263120,Hecaton
1263130,Pizza Delivery Boy
1263160,Oppai Muse
1263170,Starseed
1263200,Smashing Spirits: Brazil‚Äôs First Boxer
1263210,Deathpuddle: Choose Violence?
1263220,Â∞∏ÁÅæ-ÁîüËøòËÄÖ
1263230,Cooking Companions
1263240,Skate Story
1263250,My Harem - Artbook 18+
1263260,Mega Man ZX Advent Original Soundtrack
1263270,Mega Man ZX Original Soundtrack
1263280,Mega Man Zero 4 Original Soundtrack
1263290,Mega Man Zero 3 Original Soundtrack
1263300,Mega Man Zero 2 Original Soundtrack
1263310,Mega Man Zero Original Soundtrack
1263320,Voice of Cards: The Isle Dragon Roars Emil's Pattern
1263350,The Company Man
1263370,Seek Girl:Fog ‚Ö†
1263380,ÂæíËä±Áï∞Ë≠ö / Adabana Odd Tales Demo
1263410,The Tide
1263450,ËîöËìùÊúà‰∏ã
1263470,ATRI -My Dear Moments- Demo
1263480,Mister Versatile: A Gay Superhero Visual Novel Demo
1263490,Sweet Solitaire: School Witch
1263500,Cyber Lady - Artbook 18+
1263510,Spy Story. The Elusive Evidence
1263520,Dark Solitaire. Mystical Circus
1263530,Dangerous Solitaire. Zombie Fever
1263540,Mystery Solitaire. Dreamcatcher
1263550,COMBAT ARMS: THE CLASSIC
1263560,PC Building Simulator Soundtrack
1263590,Microodyssey
1263610,AftLife -Â∞ëÂ•≥„Å®Áå´„Å®„ÄÅÂ§±„Çè„Çå„Åü‰∏ñÁïå-
1263620,Yacht Mechanic Simulator
1263630,Maggie's Movies - Second Shot
1263650,Eat'n Eaten
1263670,Oh So Lucky! Doctor : A Surgery Soap Opera Demo
1263680,486
1263700,Nightwalker
1263720,The Long Sky VR
1263740,Elite Tanks
1263750,The Dark Inside Me - Chapter: II
1263760,Hero Siege - Elven Queen (Skin)
1263780,Last Fantasy Hentai
1263790,Will You Snail? - Soundtrack
1263800,DockYard
1263820,Sokpop S07: sok-worlds
1263830,SpongeBob SquarePants: Battle for Bikini Bottom - Rehydrated Soundtrack
1263840,Miku
1263850,Football Manager 2021
1263860,Football Manager 2021 Touch
1263870,LOVE 2: kuso - Hat
1263910,Primordial
1263920,Dark Space
1263930,Wreck it! VR
1263940,Humanless
1263950,The Debut Collection
1263990,Floor 13: Deep State
1264000,PROXY
1264010,9 Till Void
1264040,Barro - Supporters
1264050,Unbinary
1264070,Golden Light Demo
1264080,Breaking Blocks
1264090,Once Upon an Electric Dream
1264101,Simplode Suite - Hybrid Tiling Window Manager
1264102,Simplode Suite - Chill Boost
1264103,Simplode Suite - Audio Utilities
1264104,Simplode Suite - Virtual Touch Screen
1264105,Simplode Suite - Capture and Clipboard Utilities
1264106,Simplode Suite - Mouse Accelerator
1264110,Simplode Suite - Borderless Fullscreen
1264111,Simplode Suite - Glass Apps
1264112,Simplode Suite - Beta Features
1264113,Simplode Suite - Basic Window Management
1264114,Simplode Suite - Color Grabber
1264140,Kyo's Routine
1264150,Kana Quest Soundtrack
1264160,„Åã„Çâ„Åã„ÅÑ‰∏äÊâã„ÅÆÈ´òÊú®„Åï„ÇìVR
1264170,Battlefield V - Premium Starter Pack
1264171,Battlefield V - Starter Pack
1264180,Blueplanet VR
1264190,YoloMic
1264200,VIPERTRACE
1264220,Card Blitz: WWII
1264230,ÊäµÊäóÁªÑÁªá
1264240,Infinite Way
1264250,Fishing: North Atlantic
1264260,PUSH BACK
1264280,Slipways
1264290,What's Inside??
1264310,VIY
1264340,Europa Universalis IV: Emperor Content Pack
1264350,Echoes of Nocturnal Chords Â§úÂº¶‰πãÈü≥
1264360,GoldFish Brain
1264380,Lonely Mountains: Downhill Demo
1264390,Dreamjob: Programmer Simulator - Learn Programming Games
1264410,Code Arcturus
1264420,Archery Simulator
1264470,3dRudder Driver for SteamVR
1264510,Get Out...
1264520,Vibrant Venture
1264530,Jay and Silent Bob: Mall Brawl Demo
1264540,The Monster Breeder Demo
1264550,Personal Space
1264590,Tit Tap Tingle
1264610,È©±ÈÄê
1264620,Lucen
1264630,CHAR01 VR
1264640,Wallpaper Master
1264650,Faircroft Antiques: Treasures of Treffenburg
1264670,Á¥´Â°ûÁßãÈ£é The Wind Road
1264690,Necrolepsy Demo
1264700,Premium Season Pass
1264710,Love and Sex: Second Base
1264720,Project 1942
1264730,Total Arcade Racing
1264740,Lucid Dream
1264760,Saturn Quest: Shadow of Planetus
1264770,Coronavirus Evolution
1264780,The Mystery Of Woolley Mountain  - Art Book
1264790,Destiny of the World
1264800,Radical Solitaire
1264810,Seals of the Bygone Soundtrack
1264820,Jade Cicada
1264830,The Cold War Era 2
1264840,Fantasy Story
1264850,Apastron
1264860,Urban Cards Soundtrack
1264880,Watcher Chronicles
1264890,Space Force
1264900,Simple Farm
1264920,Endgame: Road To Salvation
1264930,King of the Streets
1264940,Two Weeks Game
1264950,Super Space Slayer 2 Demo
1264960,SAWMOUTh
1264970,The Conquest of Go
1264980,99 Anime Girls
1264990,BallClimbing
1265010,Super Swarmer Survivors
1265030,Moorhuhn Kart
1265040,The Abnormal Place
1265060,Tactical Nexus Chapter 4 -Tactical Star-
1265061,Tactical Nexus Chapter 5 -Tactical Night-
1265062,Tactical Nexus Chapter 6 -Tactical Rainbow-
1265063,Tactical Nexus Chapter 7 -Tactical Aurora-
1265064,Tactical Nexus Chapter 8 -Tactical Moon-
1265070,Escape From Violet Institute
1265080,Ê∫úÂÜ∞ÁöÑÁå™Â∞ë
1265090,È≠îÂ•≥ÁßòËçØÔºàwitch elixirÔºâ
1265100,Hentai Two Girls Arts
1265110,Chessmates
1265120,Freddy Spaghetti
1265130,iMemo
1265140,Get Gem
1265170,Silver Whistle
1265200,Escort Alia
1265220,Cauldrons of War - Barbarossa
1265230,Engine Evolution
1265250,Fantasy Grounds - D&D Classics: S4 The Lost Caverns of Tsojcanth (1E)
1265260,SpaceFoes
1265270,Madness Fantasy
1265280,The 99 - Action-Quiz
1265300,Broll
1265310,Evade
1265330,Fantasy Grounds - D&D S4 The Lost Caverns of Tsojcanth
1265350,When I Was Young Soundtrack
1265360,3D Hentai Blackjack
1265380,Natural Habitat
1265400,KungFu Kickball Demo
1265410,Computer Physics Simulators 2020
1265430,Nova
1265440,Fire Guild
1265450,DIMENSION REIGN Soundtrack
1265460,Defenders: Survival and Tower Defense
1265470,Monster Hunter World: Iceborne - Hairstyle: Wandering Samurai
1265471,Monster Hunter World: Iceborne - Pendant: Emerald Kulve Heart
1265472,Monster Hunter World: Iceborne - Pendant: Ruby Kulve Heart
1265473,Monster Hunter World: Iceborne - Pendant: Crystal Kulve Heart
1265474,Monster Hunter World: Iceborne - Pendant: Topaz Kulve Heart
1265475,Monster Hunter World: Iceborne - Pendant: Sapphire Kulve Heart
1265476,Monster Hunter World: Iceborne - Pendant: Rosegem Kulve Heart
1265490,Super Squash Demo
1265500,Mystiqa
1265510,Machinist
1265530,Survive 2 Thrive
1265560,Granado Espada Ailis region OST collection
1265570,Death Match Love Comedy!
1265580,Miden Tower
1265600,ReflexShot - Êâ©Â±ïÂú∞Âõæ
1265610,Dandy Dungeon - Legend of Brave Yamada - Demo
1265620,Car Mechanic Simulator 2018 - Chrysler DLC
1265640,Conan Exiles - Architects of Argos Pack
1265650,The Drained Goddess
1265660,One More Shot
1265670,Dungeon swords 0.001
1265680,Detective March Forward - The Missing Will
1265690,Horse Riding Deluxe 2
1265700,BH Trials Soundtrack
1265720,R.I.C.O. 2: London
1265760,Self-Checkout Unlimited Demo
1265770,Tunnel Bird
1265780,The Lord of the Rings: Gollum‚Ñ¢
1265800,Hubris
1265810,Spacen: The Beginning
1265820,Fights in Tight Spaces
1265840,198X Soundtrack
1265850,Sokpop S07: Chatventures
1265870,Cave Digger PC
1265880,Wunderling Demo
1265920,Life is Strange Remastered
1265930,Life is Strange: Before the Storm Remastered
1265960,Kongfusion
1265970,Dark City: Dublin Collector's Edition
1265990,QUIZ PRO! - General Knowledge
1266000,Wildfire Soundtrack
1266010,Dandelions in the Sky OST + Artbook
1266020,Dandelions in the Sky: Echo in the Sky
1266030,The Pale Beyond
1266050,Pixel Fixer
1266060,Lethal Honor - Order of the Apocalypse
1266070,Smashing Healthy VR
1266100,Vampire: The Masquerade ‚Äî Parliament of Knives
1266110,Vampire: The Masquerade ‚Äî Parliament of Knives Demo
1266120,Unoccupied
1266130,One Step From Eden Soundtrack
1266140,Succubus Domination
1266150,Return to Aeternum - Dracul - EU Central
1266151,Return to Aeternum - Death - US East
1266152,Return to Aeternum - Titan - US West
1266153,Return to Aeternum - Overlord - SA East
1266210,Through the Nightmares
1266220,Death end re;Quest 2
1266230,In Other Waters Soundtrack
1266250,Neon City Riders Soundtrack
1266260,Tribble Troubles
1266370,Real Life Plus Ver. Kaname Komatsuzaki
1266380,Super No Crying in Baseball
1266390,HookSharks
1266400,Hentai Harem
1266410,Climb
1266430,Lost In Fantaland
1266440,Disarmed
1266450,Match Number Panels
1266470,Real VR Fishing
1266500,LET IT DIE -(6 Mil Downloads)100 Death Metals-
1266501,LET IT DIE -(6 Mil Downloads)Special pack-
1266502,LET IT DIE -(Special)10 Death Metals- 017
1266503,LET IT DIE -(Special)50 Death Metals- 014
1266510,"Soul at Stake - ""Martial Spirit"" Daniel's Outfit"
1266520,Á¥´Â°ûÁßãÈ£é The Wind Road Soundtrack
1266540,Ships At Sea
1266560,ÈãºÈâÑÊà¶Ë®òC21
1266580,eden* Soundtrack
1266600,‰∫¶Êò•Áßã Power Of Seasons
1266610,ZOE Begone!
1266620,ZOE Begone! Demo
1266630,Êáí‰∫∫‰øÆ‰ªô‰º†2
1266640,SGS Afrika Korps
1266650,Cyber Driver VR
1266660,Kongfusion Demo
1266670,Tell Me Why - Chapter 3
1266680,Strobophagia | Rave Horror
1266690,Dark Deception: Monsters & Mortals
1266700,Destroy All Humans! 2 - Reprobed
1266720,Squirrel Forest
1266740,Vampire: The Masquerade - Coteries of New York Soundtrack
1266750,Vampire: The Masquerade - Coteries of New York Artbook
1266760,Battlefleet Gothic: Armada Soundtrack
1266770,Plebby Quest: The Crusades OST
1266800,Adorable Crush
1266820,Ultimate ADOM - Caverns of Chaos
1266840,The Last Stand: Aftermath
1266860,VR Paradise - Utopia 2089
1266890,Tactical Troops: Anthracite Shift
1266900,Operation DogFight
1266940,Fantasy Grounds - Starfinder RPG - Attack of the Swarm AP 5: Hive of Minds
1266970,Broll - Demo
1266980,Madrun
1267010,Dark Fantasy: Epic Jigsaw Puzzle
1267030,Fantasy Grounds - Devin Night TP129: Heroic Characters 25
1267040,SUPERHERO-X [Alpha Edition]
1267070,Monorail Stories
1267080,Stanford Polygon Library (*.ply)
1267090,"3DStudio Max (*.3ds, *.ase)"
1267091,Cinema4D (*.c4d)
1267092,Virtual Reality Modeling Language (*.wrl)
1267093,Autodesk (*.fbx)
1267094,Collada (*.dae)
1267095,Blender (*.blend)
1267097,Milkshape 3D (*.ms3d)
1267098,Industry Foundation Classes (*.ifc)
1267099,"LightWave (*.lwo, *.lws)"
1267100,AC3D (*.ac)
1267101,Modo (*.lxo)
1267102,"XGL (*.xgl, *.zgl)"
1267103,"GL Transmission Format (*.gltf, *,glb)"
1267104,DirectX (*.x)
1267105,Additive Manufacturing File (*.amf)
1267106,Extensible 3D (*.x3d)
1267108,"Initial Graphics Exchange Specification (*.igs, *.iges)"
1267109,Product Model Data (*.stp. *.step)
1267120,Sapper
1267130,Axe Girl
1267150,We Are The Caretakers Demo
1267170,Carestia
1267190,Umurangi Generation Demo
1267210,Together in Battle
1267230,Labyrinth: The Exit Is Closer
1267250,The Coin Game - Supporter Edition
1267260,Yumeutsutsu Re:After
1267270,Yumeutsutsu Re:Idol
1267280,Mystic Isles
1267310,Onryo | ÊÄ®Èúä
1267330,Group Project Simulator
1267340,RPG Maker MV - Heroine Character Generator 6
1267341,RPG Maker MV - Essential Fantasy Music Pack
1267342,RPG Maker MV - Dark Horror Cinematic Music Vol.1
1267343,RPG Maker MV - Dark Horror ME Perfect Collection
1267344,RPG Maker MV - Modern + Study Time MV
1267345,RPG Maker MV - Japanese Anime VoicesÔºöFemale Character Series Vol.8
1267346,RPG Maker MV - Japanese Anime VoicesÔºöFemale Character Series Vol.9
1267360,RPG Maker VX Ace - Essential Fantasy Music Pack
1267361,RPG Maker VX Ace - Dark Horror Cinematic Music Vol.1
1267362,RPG Maker VX Ace - Dark Horror ME Perfect Collection
1267363,RPG Maker VX Ace - Modern + Study Time VX Ace
1267364,RPG Maker VX Ace - Japanese Anime VoicesÔºöFemale Character Series Vol.8
1267365,RPG Maker VX Ace - Japanese Anime VoicesÔºöFemale Character Series Vol.9
1267370,Blind Spot
1267380,Visual Novel Maker - Essential Fantasy Music Pack
1267381,Visual Novel Maker - Dark Horror Cinematic Music Vol.1
1267382,Visual Novel Maker - Dark Horror ME Perfect Collection
1267383,Visual Novel Maker - Japanese Anime VoicesÔºöFemale Character Series Vol.8
1267384,Visual Novel Maker - Japanese Anime VoicesÔºöFemale Character Series Vol.9
1267400,Test Of Courage
1267410,Kurogane of the sky
1267420,Sons of Ra Demo
1267430,„ÅÇ„ÅÆÊó•Ë¶ã„ÅüÂ§ïÈôΩ Demo
1267440,RPG Maker MV - Cyber City Music Pack
1267450,Sunrise 7 Demo
1267460,Sunrise 7 Soundtrack
1267470,Warriors of the Nile
1267480,RPG Maker VX Ace - Cyber City Music Pack
1267490,Visual Novel Maker - Cyber City Music Pack
1267500,TS Marketplace: Clinchfield Railroad Scenario Pack 01
1267501,Train Simulator: √ñBB 1822 Loco Add-On
1267502,Train Simulator: Tadami Line: Aizu-Wakamatsu - Tadami Route Add-On
1267503,Train Simulator: Clinchfield Railroad U36C Loco Add-On
1267504,Train Simulator: Arlbergbahn: Innsbruck - Bludenz Route Add-On
1267505,Train Simulator: Norfolk Southern GP50HH Loco Add-On
1267506,Train Simulator: Norfolk Southern GP33 ECO Loco Add-On
1267507,Train Simulator: Frankfurt - Koblenz Route Add-On
1267509,Train Simulator: CSX Hanover Subdivision: Hanover - Hagerstown Route Add-On
1267510,Small World 2 - Royal Bonus
1267520,Filament Demo
1267540,WRC 9 FIA World Rally Championship
1267560,In Space
1267570,Vectronom Demo
1267580,Classic Sport Driving
1267590,Beat Saber - Sid Tipton & Timbaland - Has A Meaning
1267591,Beat Saber - Kaydence & Timbaland - Dumb Thingz
1267592,Beat Saber - Wavezswavesz - While We‚Äôre Young
1267593,"Beat Saber - Nash Overstreet, Karra & Common Strangers - What I Like"
1267594,Beat Saber - Bruno Martini & Timbaland - Famous ft. Jake Davis
1267600,Gray Zone Soundtrack
1267610,Birth ME Code Demo
1267670,Heartless reseller is Roguelike
1267680,Episode 1: Mission KT
1267690,Intergalactic Transfer Station
1267710,Ancient charm 18-No
1267770,Linda & Joan Prologue: ‚ÄúFour Months Earlier‚Äù
1267780,Aeolis Tournament - KickStarter Exclusive Item
1267800,Harem Girl: Alicia - Expanded Content
1267801,Harem Girl: Alicia - Solve It Mode
1267810,Gutwhale
1267830,Smartphone Tycoon - Lite
1267870,Xenogunner
1267880,Titan Outpost Soundtrack
1267900,Race With Ryan: Surprise Track Pack
1267910,Melvor Idle
1267920,Stealth Master
1267930,Deadly Dozen: Pacific Theater
1267940,Hunting Unlimited 1
1267950,Cosmic Flow: A Relaxing VR Experience
1267960,FotoMuseo 3D
1267970,Erebos
1268000,Ragdoll Laser Battle
1268040,Fluid Engine PC Live Wallpaper
1268060,Ultimate Dinos World
1268080,When The Past Was Around Demo
1268090,A Space For The Unbound Demo
1268100,War Islands
1268110,ISEKAI QUEST
1268120,Star Conflict: Scylla
1268130,Ëµ´ÁÇéÁöÑÂç∞Âä†ËØ∫ÂÖã Original Soundtrack
1268140,Lair Land Story
1268160,Seven Horns From Tilt
1268170,Curious Expedition 2 Demo
1268190,Naked Puzzle: Girls
1268200,Espresso For The Demon
1268210,Ëµ´ÁÇéÁöÑÂç∞Âä†ËØ∫ÂÖã Digital Visual Fanbook
1268220,Rising Hell Demo
1268250,GAG
1268270,X-Plane 11 - Add-on: Aerosoft ‚Äì Airport Barcelona
1268280,Knockdown the Ball Twice
1268290,Fantasy World Online Tycoon
1268310,Love and Sex: Second Base Demo
1268320,Necronator: Dead Wrong Demo
1268330,ENHANCE
1268350,A Game of Humans
1268360,Trashed
1268370,holedown
1268380,Endless RPG: Random Dungeon Map Generator for D&D 5e
1268400,Pinball Lockdown
1268410,Hentai Demon
1268420,Britannia
1268440,Pushy and Pully in Blockland Demo
1268450,Battlefleet Gothic: Armada 2 - Soundtrack
1268460,Space Hulk: Deathwing - Enhanced Edition Soundtrack
1268470,Fantasy Grounds - Devin Night TP128: Fiendish Foes
1268480,Mighty Fight Federation Demo
1268500,Faulty Apprentice: Troublesome Trade Route (2nd DLC)
1268520,Fantasy Grounds - Devin Night TP127: Fantastic Foes
1268530,Outside The Grid
1268540,Dungeon Of Dark
1268550,Crusaders Arena
1268580,Fantasy Grounds - Devin Night TP126: Total Chaos
1268590,Millennia
1268610,Starport Delta Soundtrack
1268620,QUIZ PRO! - General Knowledge - HISTORY
1268630,Day of Dragons - Blitz Striker Amphithere
1268700,Tuneria
1268710,Skitt
1268720,EleMetals: Death Metal Death Match! Demo
1268730,Impulse Control
1268740,We should talk. Demo
1268750,Starship Troopers: Extermination
1268790,Dark Fracture
1268800,Divisadero
1268820,Torque Drift - Vaughn Gittin Jr 1969 Mustang Driver Car
1268821,Torque Drift - Vaughn Gittin Jr Ford Focus Driver Car
1268830,Flappy Hypership Out of Control
1268840,Project Toon Tanks
1268850,Hentai Furry - Artbook 18+
1268860,Raindrops
1268870,Deskmate Girl
1268880,ÊñπÂúà Square Circle
1268890,Mystic Pillars Demo
1268900,Nearly Dead
1268930,Hundred Days Demo
1268940,Wish - Innocent
1268950,Metal Unit Demo
1268960,pureya
1268970,"Soul at Stake - ""Drowning Flower"" The Drowner's Outfit"
1268980,holedown soundtrack
1268990,Amber Time
1269000,Operencia: The Stolen Sun Demo
1269010,Wish - Art Book
1269020,No Plan B
1269030,Fred3ric
1269050,ÂëäÊ≠ªÂ§©‰ΩøÁöÑÂÆ°Âà§ Death Angel Trial
1269060,The Dark Pictures Anthology: Little Hope Demo
1269080,ALIVE
1269110,ÂãáËÄÖÁöÑÂçÅÊó•‰∫∫Áîü
1269120,Freakshow
1269150,Fly Punch Boom: First Impact!
1269160,Hazel Sky Demo
1269170,Recompile Demo
1269180,Fatal Evidence: The Missing Collector's Edition
1269190,Arko
1269210,Liberated Demo
1269220,Harem Girl: Nikki - Expanded Content
1269221,Harem Girl: Nikki - Solve It Mode
1269230,Dodo Adventures
1269240,Damn Dolls
1269250,War Smith
1269260,Artifact Foundry
1269300,This Means Warp
1269310,MasterPlan
1269330,Batbarian Demo
1269340,Floody Demo
1269350,Neuronaut
1269360,Freedom Finger Soundtrack
1269370,171
1269380,Divisadero Demo
1269390,Re:Be
1269400,The 100-Player Twitch Chat Party Pack
1269430,Duster Demo
1269440,Hentai Splash - Patch 18+
1269450,Goofy Golf Remastered Steam Edition
1269460,Dark Fracture Demo
1269470,Zakk Hazard The Deadly Spawn Soundtrack
1269500,Crowalt: Traces of the Lost Colony
1269510,UNDERZONE
1269520,Let Me Out
1269540,Slash Roll
1269550,KillSteel
1269560,Square Fast
1269590,Get-A-Grip Chip
1269610,Aquarius Demo
1269620,Puzzle - STONE BLOCKS
1269630,Western Sigil
1269640,Beacon Pines
1269650,Amendium
1269670,Quench Demo
1269680,Backworlds Demo
1269690,Attack on Toys
1269700,4 Minutes to the Apocalypse
1269710,Kainga
1269730,Legacies
1269770,Bullet Art
1269790,Sakura Hime 2 - 18+ Adult Only Content
1269810,The Curse of Kubel
1269820,Kozue's Strange Journey
1269830,KnotBot
1269840,Glass Masquerade 2: Illusions - Revelations Puzzle Pack
1269850,Mazed and Bemused
1269860,Mazed and Bemused Demo
1269880,Lethal League Blaze - Nuclear Nourishment outfit for Toxic
1269890,Virus Popper
1269900,snake::reloaded
1269910,Aria Disconnect
1269950,Buddy Simulator 1984
1269960,Inferno Wizards
1269980,Formata Soundtrack
1269990,Wishy Washy
1270000,Virtual Rides 3 - Astronaut
1270010,Gone: Survival
1270020,PowerBots Retro
1270030,XRacer 2: Evolution
1270040,QUIZ PRO! - General Knowledge - MOVIE
1270050,Tales of War
1270060,Lord Winklebottom Investigates Demo
1270070,Gunslingers of the Wasteland vs. The Zombies From Mars
1270080,Magic Twins
1270100,BingfaÔºöWarring States
1270120,7 Billion Humans Soundtrack
1270130,Planetation
1270140,Little Inferno Soundtrack
1270180,UnFound
1270210,Love of Magic
1270230,„Ç´„É¢„Éç„ÇÆÂè∑„ÅåÈ≠îÊ≥ïÂâ£„Åß„ÅÑ„Å£„Å±„ÅÑ„Å´„Å™„Çã
1270240,Hot And Lovely 2 - patch
1270250,Planet Bounce Warships DLC Pack
1270260,Âπ∏Â≠òËÄÖ:ÊòüÊòü‰πãÁÅ´ÂÖçË¥πËØïÁé©
1270280,Pharao Reloaded
1270290,MetaWare High School (Demo) Soundtrack
1270300,Carving Fate to Valhalla
1270320,Seek Girl:Fog ‚Ö†- Patch
1270330,MushrooMonster
1270340,Totally Accurate Battle Simulator - BUG DLC
1270360,Chicken TESTROOMS
1270370,Bat of Dead
1270380,Crystal Raiders VR
1270390,The Golem
1270400,ALIVE Demo
1270410,Going Under Demo
1270420,Box Nation [   ]
1270440,MUSCLE POWER
1270460,TOSS!üçå
1270470,Tunche Demo
1270500,Snow Apocalypse
1270520,Warehouse Tycoon
1270530,Á†¥ÈòµÂõæ(Grids of World) Demo
1270540,Sid Meier's Civilization¬Æ VI: Ethiopia Pack
1270570,All Over
1270580,Mind Over Magic
1270600,Strobophagia | Rave Horror Demo
1270620,Project Chemistry
1270630,Aeolis Tournament Demo
1270640,The Casebook of Arkady Smith (Demo)
1270650,Defend the village from goblins
1270670,Touhou Double Focus
1270680,WHALIEN - Unexpected Guests
1270700,Iridium Demo
1270720,Spirit
1270760,Linda & Joan
1270770,This Strange Realm Of Mine Soundtrack
1270780,Elemental Defenders
1270790,Fantasy Memory Card Game - Expansion Pack 4
1270810,G String Soundtrack
1270820,Brothers in Blood: WW2 Co-op
1270830,Crystal Isles - ARK Expansion Map
1270840,New King
1270850,Karma City Police
1270860,Exit the Gungeon - Soundtrack
1270870,Gray platformer
1270890,Whone
1270910,VirtualCop
1270930,Hentai vs Virus: I Am Waifu
1270970,Burst Planet
1270980,‰∏âÂõΩÂøóÂ§©‰∏ãÂ∏ÉÊ≠¶ Rise of Three Kingdoms
1271030,"Rainbows, toilets & unicorns"
1271050,Shrine
1271070,Sokpop S08: Clickbox
1271080,Car Dealer
1271090,Let's Cook Together
1271100,Deadly Premonition 2
1271110,Healing Spree
1271130,The Sims‚Ñ¢ 4 Digital Soundtrack
1271131,The Sims‚Ñ¢ 4 Up All Night
1271132,The Sims‚Ñ¢ 4 Awesome Animal Hats
1271133,The Sims‚Ñ¢ 4 Life of the Party
1271170,The Wizard and The Slug
1271190,Queen's Glory
1271200,Zombie Army 4: Gas Mask Headgear Bundle
1271210,Zombie Army 4: Flags Charm Pack
1271231,Slay The Bigies - Weapon Pack
1271240,Slay The Bigies - Costume Pack
1271250,Date Night Bowling
1271260,Land of Screens
1271280,Rift Wizard
1271300,Methods: The Detective Competition
1271310,The Forest Cathedral
1271330,Crying Suns - Digital Artbook
1271340,Cat President 2: Purrlitical Revolution
1271350,Terminal Singularity - Unit Customization
1271360,HOLMGANG: Memories of the Forgotten Demo
1271370,Need for Speed Most Wanted - Key
1271371,Need for Speed Most Wanted - Terminal Velocity Pack
1271380,Street Cleaner: The Video Game
1271390,Desohunter
1271400,Adios
1271420,Chronicles of Honor
1271450,Sama Learning
1271460,Woman's body: For adults 3
1271470,World of Goo Soundtrack
1271490,Superliminal Demo
1271500,Legend of Orion: Adventure
1271510,Remnants of the Dawn
1271520,SpeedFighter
1271530,Night Jackal
1271540,1 Screen Platformer: Prologue
1271570,Fight of Animals - The Master Costume/Power Hook Dog
1271571,Fight of Animals - Meme Dancer Costume/Crowrilla
1271580,Good Morning World
1271600,Panzer Crew VR
1271620,Êµ∑ËÖπÂ∑ùËÉå BaZooKa!
1271630,Hentai I'm coming!
1271670,DJMAX RESPECT V - TRILOGY PACK
1271671,DJMAX RESPECT V - GROOVE COASTER PACK
1271680,DJMAX RESPECT V - TRILOGY Original Soundtrack(REMASTERED)
1271690,Zombie Derby: Pixel Survival
1271700,HOT WHEELS UNLEASHED‚Ñ¢
1271710,LEWDAPOCALYPSE
1271740,Magical Swordmaiden
1271750,Unferat
1271760,Minoes
1271780,Panzer Corps 2 Soundtrack
1271790,SWORD ART ONLINE Alicization Lycoris - Blooming of Forget-me-not
1271791,SWORD ART ONLINE Alicization Lycoris - Blooming of Matricaria
1271792,SWORD ART ONLINE Alicization Lycoris Premium Pass
1271793,SWORD ART ONLINE Alicization Lycoris Design Contest Costumes
1271794,SWORD ART ONLINE Alicization Lycoris Warmaid Outfit
1271800,Fantasy Memory Card Game - Expansion Pack 5
1271820,Jaw Breakers & The Confection Connection
1271840,Sophie's Cubes
1271850,Grand Casino Tycoon
1271860,Zombie Army 4: Bucket Headgear Bundle
1271861,Zombie Army 4: Classic Sports Headgear Bundle
1271862,Zombie Army 4: Halloween Headgear Bundle
1271870,The Jungle
1271880,Flappatron: Episode 4 (Chapters 11 - 13)
1271890,Zombie Army 4: Holiday Season Headgear Bundle
1271891,Zombie Army 4: Mission 4 - Damnation Valley
1271892,Zombie Army 4: Mission 5 - Alpine Blitz
1271893,Zombie Army 4: Mission 6 - Dead Zeppelin
1271900,Aethyr
1271910,Baby Dino Adventures
1271920,Angels on Tanks
1271950,Shielta: Veil of Stars
1271980,Premier Manager 10
1271990,Premier Manager 09
1272000,Premier Manager 08
1272010,Destroyer: The U-Boat Hunter
1272020,Premier Manager 06/07
1272030,Premier Manager 05/06
1272040,Premier Manager 04/05
1272050,Premier Manager 03/04
1272060,Premier Manager 02/03
1272070,Silicon Dreams
1272080,PAYDAY 3
1272090,Dying Light - Unturned Weapon Pack
1272100,Geezer Gus: The Meteorite Motel
1272110,Close Combat: Wacht am Rhein
1272120,Darkanoid
1272130,Close Combat: The Longest Day
1272140,Floor is...What!?
1272150,Sol-Hel
1272160,The Life and Suffering of Sir Brante
1272170,SWORD ART ONLINE Alicization Lycoris 200 SAO Coins
1272180,Fantasy Memory Card Game - Expansion Pack 6
1272200,The Informant Chronicles- Chronicle 1: Riverside Danger
1272210,Fantasy Grounds - D&D Adventurers League 09-14 The Vast Emptiness of Grace
1272240,Beat the Machine: Rebooted
1272270,Fantasy Grounds - D&D Adventurers League 09-10 Tipping the Scales
1272280,Down2Die
1272290,Space Chef
1272300,Zombusters
1272310,Disaster Report 4: Summer Memories Demo
1272320,Diplomacy is Not an Option
1272330,Easy puzzle: Bridges
1272340,Escape to Sidious
1272360,VRDJ
1272380,Disaster Report 4: Summer Memories - Space Fighter Pilot Suit
1272381,Disaster Report 4: Summer Memories - Fishmonger Costume
1272382,Disaster Report 4: Summer Memories - Hunting Cap and Jacket
1272383,Disaster Report 4: Summer Memories - Judo Black Belt Outfit
1272384,Disaster Report 4: Summer Memories - Competitive Swimsuit
1272385,Disaster Report 4: Summer Memories - Embroidered Dragon Satin Jacket
1272390,The Last Day of Adolf
1272430,Girl X Mushrooms -Free DLC
1272440,Don't Starve Together: Starter Pack 2020
1272450,Mahjong Deluxe
1272460,‰∫∫Áãº„ÅÆ‰ªî
1272470,Alien:Chip
1272480,Death end re;Quest 2 - Blood Skelter Set
1272481,Death end re;Quest 2 - Ultimate Weapon Set
1272490,Death end re;Quest 2 - Gag Weapon Set 1
1272500,Paraiso Island
1272520,PuzzleKid
1272530,Looking Glass
1272550,Phantom Galaxies
1272580,Nine Witches: Family Disruption
1272650,Battlefield 4‚Ñ¢ Community Operations
1272654,Battlefield 4‚Ñ¢ Night Operations
1272657,Battlefield 4‚Ñ¢ Legacy Operations
1272660,Gan'S Matchstick MenÔºöDeadly Rhythm
1272680,Umihara Kawase Fresh!
1272690,Car Crush Racing Simulator
1272720,The Life of Frederick Sommer
1272750,The Core Message
1272780,CarGo!
1272790,‰∏úÊñπÂçéÂΩ©‰π±Êàò2 - OSTÂéüÂ£∞Èü≥‰πêÈõÜ1
1272810,Ratropolis Soundtrack
1272820,Super Worm 3D
1272830,Cube Projection
1272840,Dordogne
1272860,Absolute Alchemical Potion
1272880,Fantasy Memory Card Game - Expansion Pack 7
1272900,„ÄêÊïë‰∏ñËÆ°Âàí„ÄëÁ∫¢Ë°£
1272910,Hero of the Kingdom: The Lost Tales 1 Demo
1272920,Easy puzzle: Streets
1272930,Rem Supporters Pack
1272940,Spaceland: Frontier
1272970,Nyanco Card
1273010,ASTRALODE Freeminers
1273020,Dark Side
1273030,Oh No! Bugs! Soundtrack
1273040,Fantasy Grounds - Starfinder RPG - Attack of the Swarm! AP 6: The God-Host Ascends
1273050,Death end re;Quest 2 - Gag Weapon Set 2
1273051,Death end re;Quest 2 - Shina's Maid Outfit
1273052,Death end re;Quest 2 - Alternate Uniform Set
1273053,Death end re;Quest 2 - Helping Hand Set
1273054,Death end re;Quest 2 - Deluxe Helping Hand Set
1273055,Death end re;Quest 2 - EXP Booster Equipment
1273056,Death end re;Quest 2 - Deluxe Pack
1273060,Aliens Love Beefs
1273070,Infinite Abyss
1273080,Raptor Boyfriend
1273090,Fantasy Grounds - Starfinder RPG - Starfinder Society Scenario #2-16: A Scoured Home
1273100,Builders of Greece
1273110,Sir Stretchalot
1273120,Eira: Echoes of Adventure
1273140,Fantasy Grounds - Devin Night TP125: Animals 3
1273160,Fall Of The Mafia
1273170,Fantasy Grounds - Devin Night TP122: Wasteland Warriors 1
1273180,Glory Horse Racing
1273200,Human Resource Machine Soundtrack
1273220,Sphere: Flying Cities
1273250,Breakpoint
1273260,Corpse Party (2021)
1273290,BlindBlade II
1273300,Strings Demo
1273320,Tentacle Manor
1273350,A Night In Kyosaka
1273360,A Night In Kyosaka Demo
1273380,Weapons Genius VR
1273400,Construction Simulator
1273420,TINY METAL: FULL METAL RUMBLE Soundtrack
1273430,iota
1273440,OverDrift Festival
1273450,Selfless Heroes
1273460,"Soul at Stake - ""Bitter Sugar"" the Twins' outfit"
1273470,Isle Clash
1273480,The Highrise
1273490,"Soul at Stake - ""Outlaw"" Jacob's outfit"
1273510,Mysterious World
1273520,The Last Day Defense VR
1273530,Endless Savagery
1273540,Mail Mole
1273550,Fred The Rubber Ducky
1273560,DeathSprint 66
1273570,Four Rendezvous
1273580,ÁáéÂàÉ
1273590,Jumping Joe
1273600,SPACE TOW TRUCK
1273620,Dialogue Designer
1273630,Zaccaria Pinball - Strike Deluxe Pinball Table
1273640,Bring You Home
1273690,Ashwalkers
1273710,King of Crabs
1273720,SBX 5K
1273740,As Aventuras do Cueca Listrada
1273750,Button City
1273780,Peekaboo Collection - 3 Tales of Horror
1273790,Empires and Tribes
1273800,Vaccine
1273820,MicroMan
1273830,Deity
1273850,Koala Kids Soundtrack
1273860,Fantasy Memory Card Game - Expansion Pack 8
1273880,Economica Demo
1273890,Bastard Little Zombie
1273910,3DRPG Soundtrack
1273920,Dark Romance: Ashville Collector's Edition
1273930,Hard Rock Pinball
1273940,Fight with love
1273960,"Rainbows, toilets & unicorns - Influencerama"
1273961,"Rainbows, toilets & unicorns - Political Drama"
1273962,"Rainbows, toilets & unicorns - Outraged & offended"
1273963,"Rainbows, toilets & unicorns - Entertainment Corp."
1273970,Mortal Kombat11: Aftermath + Kombat Pack Bundle
1273971,Mortal Kombat11: Aftermath Expansion
1273980,HeatWave
1274020,Castle Fight
1274050,Project Genesis Soundtrack
1274060,The Ball Adventure
1274080,Operation Deep Magic - Advances in Cryptology 1
1274090,Hotfix
1274110,Light: A Maze Game
1274120,Daybringer Demo
1274130,HYPERCHARGE: Unboxed Demo
1274140,One Dreamer: Prologue
1274150,Shoot Covid-19
1274180,Tower Ships
1274190,ÂçóÂçÅÂ≠ó‰ΩúÊàòÈòü
1274200,Enamored Risks
1274210,WizardChess
1274220,WizardChess Demo
1274230,Legend of Kendor
1274250,Fire for Effect
1274280,Blue Flame
1274290,Kidnapped Girl
1274300,Cyber Agent
1274310,‰∏úÊñπÈ¨ºÁ•ûÁéâ
1274330,Blue Flame Demo
1274340,ColorsInvaders
1274360,ÂπΩÁÅµÈ´òÊ†°
1274380,Etheldia Pepper
1274390,Bud Masters - Battle Edition
1274400,Prisoner Breaker
1274410,È£éÊö¥Â≤õ - Êñ∞ËßíËâ≤ÔºöÊú±Ëø™
1274440,Jack Walker: Ethereal
1274460,Love Wish 2 18+ FREE DLC
1274470,Heim
1274490,Green Project
1274500,Sacrifice Your Friends Demo
1274530,Gorilla Guerrillas
1274550,Dragon Storm
1274560,Matergari: Below Valesia
1274570,DEVOUR
1274590,Squishy Sports
1274600,The Last Faith
1274610,LesLove.Club: Emily and Sarah
1274620,Horizon Springs
1274630,So May It Be: A Witch Dating Simulator
1274640,Nightvision
1274660,State of Decay: Original Game Soundtrack
1274670,DYB
1274680,Pattern OST / Companion
1274690,Sayonara Electric
1274700,You Alone Can Defeat Evil
1274710,Lullaby days
1274720,SOULBOUND
1274730,Pistol Dancer
1274740,Bud Masters Demo
1274780,„Ç´„É¢„Éç„ÇÆÂè∑„ÅåÈ≠îÊ≥ïÂâ£„Åß„ÅÑ„Å£„Å±„ÅÑ„Å´„Å™„Çã‰ΩìÈ®ìÁâà
1274790,Sex with Devil Demo
1274800,Pancake Sailor
1274810,Armageddon Onslaught
1274830,Autopanic
1274840,Escape from GULAG
1274850,The Sickle Upon Sekigahara
1274860,Like old times
1274910,Active Neurons 2
1274930,Planet 2000
1274940,Strip 'Em
1274950,lil' Sherman Original Soundtrack
1274960,Game Overlay Pro
1274970,ZEROED
1274980,Rogue Party 2
1274990,Living Art
1275020,Cosmic Flow - Supporter Option
1275030,The King's Magic
1275060,Farm Builder
1275070,A Buttload of Free Games
1275100,Fantasy Memory Card Game - Expansion Pack 9
1275140,Naked Story Demo
1275150,Aquadine
1275160,Aquadine Demo
1275180,Hunter X - Begin
1275190,Inside The Mirror
1275200,Straylight Demo
1275210,Cross Soul
1275230,Strato's Sylph Asterism
1275240,Pandoria
1275250,Trump and Virus
1275260,This will not go well
1275290,Dream Catcher
1275300,ÁÇΩÁÑ∞Â∏ùÂõΩ:ÂçÅÂ≠óÂÜõ‰∏úÂæÅ
1275320,Be Coronavirus
1275330,Viking Heroes
1275350,Ninja Kiwi Archive
1275360,X-Plane 11 - Add-on: Skyline Simulations - KLGB - Long Beach Airport XP
1275370,Sharded World
1275390,City Destructor
1275410,Only One Rectangle
1275430,Panzer Corps 2: Field Marshal Edition Upgrade
1275440,Dungeon of the ENDLESS‚Ñ¢ - Original Soundtrack
1275450,A letter to you
1275460,ENDLESS‚Ñ¢ Legend - Original Soundtrack
1275470,ENDLESS‚Ñ¢ Space - Original Soundtrack
1275490,Martial Arts Brutality Premium
1275500,ENDLESS‚Ñ¢ Space 2 - Original Soundtrack
1275520,Choco Pixel 4
1275530,DeadsideServer
1275540,Go Kart Run!
1275550,Arctic Awakening
1275570,ENDLESS‚Ñ¢ Space 2 - Harmonic Memories Soundtrack
1275580,ENDLESS‚Ñ¢ Space 2 - Lost Symphony Soundtrack
1275590,Dieselpunk Wars Prologue
1275600,Kevin's Path to Wizdom
1275610,Grappling Hook Ball
1275630,Drug Dealer Simulator: Free Sample
1275640,Coloring Game 3
1275660,Sanity of Morris
1275670,Outcore
1275730,:THE LONGING: Soundtrack
1275740,Prescription for Sleep: Shovel Knight
1275760,Street Power Football
1275770,"The Narrator is a DICK : Longer, Harder, and Uncut"
1275780,Fantasy Memory Card Game - Expansion Pack 10
1275790,Space Otter Charlie
1275810,Stan Lee's Verticus
1275850,Frog Space
1275860,Kick the VIRUS
1275880,"Happy Birthday, Adolf!"
1275890,Baldi's Basics Plus
1275900,Pirate Code Soundtrack
1275920,Football Manager 2021 In-game Editor
1275950,Down The Rabbit Hole - Original Soundtrack
1275960,Blured Angel
1275970,Digital Dungeon Tiles
1275980,Probe
1275990,BlueGlow - Year 2 Pass
1276030,Wurmenai: The Sound Of Wurroom + Art Book
1276040,Mini Words: Top Movies
1276050,Void Destroyer 2 Soundtrack
1276060,Fingertips  mountain  sea- paradise islandÔºàÊåáÂ∞ñÂ±±Êµ∑-Â§©Â†ÇÂ≤õÔºâ
1276070,Manufactoria 2022
1276080,Princess Castle Quest Demo
1276090,CreatorAdventureLegend
1276100,Clay Game
1276110,Crumbling World Demo
1276130,Twilight Struggle: Red Sea
1276140,Ê†∏ËÉΩÊ≠•Êû™
1276160,3DMark Wild Life benchmark
1276170,Pandemic Panic!
1276290,PST VR (Primary Surgical Treatment)
1276300,Zerowood
1276320,Naught
1276330,Flying Soldiers
1276340,Crossout - Assault Force: Tango-1
1276350,evolution for beginners
1276360,Fight of Animals - Sushi Chef Costume/Muscle Beluga
1276370,Elva the Eco Dragon
1276380,Knights And Bikes Soundtrack
1276390,Bloons TD Battles 2
1276400,Monster Prom Demo
1276410,Sheltering With You
1276420,Hentai Honeys Jigsaw - Wife2
1276430,MEGALAN 11
1276440,Monster surprised you-ki chan Demo
1276450,Modest Hero
1276470,Arctic Anxiety
1276490,Cascading Failure
1276500,Bloons Monkey City - Bamboo City Walls
1276501,Bloons Monkey City - Brick City Walls
1276502,Bloons Monkey City - Castle City Walls
1276503,Bloons Monkey City - Gold Path
1276510,Human Farm
1276520,Bloons Monkey City - Log City Walls
1276521,Bloons Monkey City - Sci-Fi City Walls
1276522,Bloons Monkey City - Eiffel Tower Pack
1276523,Bloons Monkey City - MOAB Madness Pack
1276524,Bloons Monkey City - MC Darts Pack
1276525,Bloons Monkey City - Frontier Pack
1276530,An Interesting Journey of Monsieur PAF
1276540,Persian Nights 2: The Moonlight Veil
1276550,Faefever
1276560,Achievement Collector: Dog Soundtrack
1276590,Oddest Sea
1276600,The Chronicles of Robin Hood - The King of Thieves
1276610,My Cute Roommate
1276630,Doggy - Expansion Pack
1276650,Commercial License
1276660,Tinkertown
1276690,Kira and the Life Stone
1276710,Cosmotic Blast
1276720,Witching Tower: Heroes
1276740,Protodroid DeLTA
1276750,Negative Nancy
1276760,DRAGON BALL: THE BREAKERS
1276770,Fantasy Memory Card Game - Expansion Pack 11
1276780,Tidal Shock: SURFERS DLC
1276781,Tidal Shock: DIVE CREW DLC
1276790,Ruined King: A League of Legends Story‚Ñ¢
1276800,CONVERGENCE: A League of Legends Story‚Ñ¢
1276810,The Outbound Ghost
1276820,Space War Machine
1276850,Kane's Shadow
1276860,Mushroom Cats 2 Demo
1276890,The Lilliputian Runner
1277090,Toilet Paper Crisis Simulator 2020
1277100,Dungeon & Derision
1277130,Deathbound
1277140,Underwater Wars
1277160,Aquarium Life
1277190,How To Make A Killing
1277200,NecroWorm Demo
1277210,ÁæéË∂≥Â∞èÂ±ã
1277220,Deep Space Battle Simulator Dedicated Server
1277230,Crying Pony
1277250,Voice of Cards: The Isle Dragon Roars Emil Avatar
1277260,Fight of Animals - The Agent Costume/Mighty Fox
1277270,Ever Forward Demo
1277280,WILL: A Wonderful World - Art Book
1277290,C-TAS: A Virtual Chinese Learning Game
1277300,Cryptic Rooms
1277310,Saving You From Yourself
1277320,FirstQueen1 NEXT
1277340,Sunset fighter
1277360,ÂºÇÁïåÂ§ßÈôÜ
1277370,ÂºÇÁïåÂ§ßÈôÜ10000ÈáëÂ∏Å
1277380,Starena Demo
1277390,Death World
1277400,Monster Hunter Stories 2: Wings of Ruin
1277480,The Shepherd
1277500,Skeletal Avenger
1277510,Re:ZERO -Starting Life in Another World- The Prophecy of the Throne
1277520,Traffic Storm
1277530,BLACK STIGMA
1277540,Chapeau Soundtrack
1277550,ASCIIDENT Soundtrack
1277570,Golf With Your Friends - Caddy Pack
1277600,X4: Split Vendetta Soundtrack
1277610,Move with AI
1277630,Space Lint
1277640,Pixel Fight
1277650,Deadsigns
1277660,VisualHacker
1277680,Goat of Duty Original Soundtrack
1277690,Goat of Duty Wallpapers & Covers Pack
1277700,Goat of Duty Digital ArtBook
1277710,RoboDo
1277780,Aeon of Sands - The Trail Demo
1277830,Galactic Civilizations III - Worlds in Crisis DLC
1277840,Dustoff Z
1277860,Hentai Honeys Slider - Wife2
1277870,SUPER UFO FIGHTER
1277880,The Adventures of Kincaid
1277920,"Ethyrial, Echoes of Yore"
1277930,Riddle Joker
1277940,Kinkoi
1277950,Heart's Medicine - Season One
1277960,Z.W.I.N.E. MDK (Modding kit)
1277970,I'mitation The Eight Suicide Note
1277990,Fantasy Memory Card Game - Expansion Pack 12
1278000,HistoryMaker VR
1278040,Storynth
1278060,FPV.SkyDive
1278080,SNOWRIFTERS
1278090,Collection Quest
1278100,Stabby Cats
1278110,Death Taxi 3000
1278120,Love with Kadyrov - Exclusive 18+ DLC
1278130,Battlefield 3 Premium Edition - Key
1278131,Battlefield 3 Limited Edition - Key
1278133,Battlefield 3‚Ñ¢ Promotional Items
1278134,Battlefield 3‚Ñ¢ SPECACT Kit & Dog Tag Bundle
1278140,Delirium
1278150,Nayati River
1278170,Big Rumble Boxing: Creed Champions
1278190,Jumpala
1278200,Spacer: Legacies
1278210,Space Raiders in Space
1278230,DENIAL
1278240,Super Bernie World - Donate to the devs
1278250,Kingdoms of Amalur: Re-Reckoning Soundtrack
1278260,Kingdoms of Amalur: Re-Reckoning - Fatesworn
1278270,Fire Rescue Simulator
1278280,VolticPistol Soundtrack
1278290,xDasher
1278300,In Other Waters: A Study of Gliese 667Cc
1278310,Battlefield 3‚Ñ¢ Back to Karkand
1278311,Battlefield 3‚Ñ¢ Welcome Pack
1278312,Battlefield 3‚Ñ¢ Aftermath
1278313,Battlefield 3‚Ñ¢ End Game
1278314,Battlefield 3‚Ñ¢ Close Quarters
1278315,Battlefield 3‚Ñ¢ Armored Kill
1278340,Disaster Report 4: Summer Memories - Free Costume Set
1278350,Jelly Brawl
1278360,Clam Man 2 - Open Mic
1278370,Lost Circus VR
1278380,Clam Man 2 - Headliner
1278390,Succumate
1278420,BLOCKLORDS
1278430,Warehouse attack
1278450,Voice of Cards: The Isle Dragon Roars Dress of the Bereft
1278460,Fight of Animals - Easter Egg Costume/Egg Dog
1278470,AeternoBlade II: Director's Rewind - Dual Gear [ Arena Mode ]
1278471,AeternoBlade II: Director's Rewind - Sparkling Ruby
1278472,AeternoBlade II: Director's Rewind - Sea Breeze
1278473,AeternoBlade II: Director's Rewind - Fuzzy Grizzly
1278474,AeternoBlade II: Director's Rewind - Summer Blossom
1278475,AeternoBlade II: Director's Rewind - Pineapple Royale
1278476,AeternoBlade II: Director's Rewind - Lemon Mimosa
1278477,AeternoBlade II: Director's Rewind - Ultimate Freyja
1278480,Smart Game Booster
1278500,Tower! 3D
1278510,Tower!3D Pro - EKCH airport
1278520,Sky Seeker
1278540,Esports Godfather
1278560,Jumping Mellow Demo
1278570,Pixel Fight - Characters Pack
1278580,Dungeons and Undead
1278590,Tree of Savior - MAY 2020 OST Collection
1278610,Last Oasis - Soundtrack
1278630,Tracks - The Train Set Game: Suburban Pack
1278640,Magic Twins Demo
1278660,Underwater Wars Demo
1278690,Firefighters - Airport Heroes
1278700,Deadliest Catch: The Game -  New Ship #1
1278710,FPS Robot Attack Minigame
1278720,Escape from Durka
1278740,System Invaders Soundtrack
1278750,Lost At Sea
1278760,TinyShot
1278780,Kaze - Open Beta
1279290,La-Mulana2 KickStarter Reward: La-Mulana2 Artbook
1279291,La-Mulana2 KickStarter Reward: La-Mulana2 Wallpaper set
1279310,RESEARCH and DESTROY
1279320,Ëø∑Â§± ËµõÂçö‰πãÂüé
1279330,Under Lock
1279360,The Amazing Ball
1279370,TENGAI
1279380,STRIKERS 1945 II
1279390,Samurai Aces III: Sengoku Cannon
1279400,STRIKERS 1945 III
1305880,Apparitions: Kotsmine Hills
1419160,Souldiers
1421550,ACE COMBAT‚Ñ¢7: SKIES UNKNOWN ‚Äì XFA-27 Set
1421551,ACE COMBAT‚Ñ¢7: SKIES UNKNOWN ‚Äì CFA-44 Nosferatu Set
1421552,ACE COMBAT‚Ñ¢7: SKIES UNKNOWN - 25th Anniversary Skin Set
1421553,ACE COMBAT‚Ñ¢7: SKIES UNKNOWN - 25th Anniversary Emblem Set
1421560,Primeval Planet: Angimanation Demo
1421600,Safari Zone
1421610,DEUS EX MACHINA
1421630,Stars Force
1421652,The Tower Of TigerQiuQiu Nyaa Invaders 3
1426010,STASIS: BONE TOTEM
1657280,Super Shield Dash
